start_timestamp,end_timestamp
2024-10-02T00:58:35Z,2024-10-02T10:23:12Z
2024-10-03T00:56:35Z,2024-10-03T09:23:12Z
2024-10-04T03:52:35Z,2024-10-04T08:23:12Z
2024-10-05T01:12:35Z,2024-10-05T11:23:12Z
2024-10-06T05:32:35Z,2024-10-06T10:23:12Z
2024-10-07T02:48:35Z,2024-10-07T09:23:12Z
2024-10-08T06:32:35Z,2024-10-08T10:23:12Z
2024-10-09T01:52:35Z,2024-10-09T08:23:12Z
2024-10-10T01:01:35Z,2024-10-10T07:23:12Z
2024-10-11T02:12:35Z,2024-10-11T09:23:12Z
2024-10-12T03:45:35Z,2024-10-12T10:23:12Z
2024-10-13T03:23:35Z,2024-10-13T11:23:12Z
2024-10-14T05:01:35Z,2024-10-14T11:23:12Z
2024-10-15T01:30:35Z,2024-10-15T07:23:12Z
2024-10-16T01:55:35Z,2024-10-16T08:23:12Z
2024-10-17T01:12:35Z,2024-10-17T11:23:12Z
2024-10-18T01:02:35Z,2024-10-18T12:23:12Z
